{
  "train": [
    4.021681729704142,
    2.8887999802827835,
    2.384280785918236,
    2.0641545355319977,
    1.9011579863727093,
    1.7680876851081848,
    1.666443020105362,
    1.5483948737382889,
    1.6338621377944946,
    1.512532353401184,
    1.556827113032341,
    1.471170835196972,
    1.4232378751039505,
    1.4174180030822754,
    1.4137184917926788,
    1.4270633310079575,
    1.3465636000037193,
    1.3245529532432556,
    1.338409185409546,
    1.3478924036026,
    1.3097941279411316,
    1.3113070502877235,
    1.2559914886951447,
    1.196381963789463,
    1.2415305152535439,
    1.2576949372887611,
    1.2161102965474129,
    1.1352368742227554,
    1.1451269537210464,
    1.100092314183712,
    1.118476279079914,
    1.1344381347298622,
    1.1847790479660034,
    1.1646525859832764,
    1.1220745146274567,
    1.1598462015390396,
    1.1609640270471573,
    1.1081723123788834,
    1.0988711193203926,
    1.0695664584636688,
    1.0654672905802727,
    1.1003306731581688,
    1.07404226064682,
    1.091248743236065,
    1.059853546321392,
    1.0843578055500984,
    1.1645788997411728,
    1.0325714275240898,
    1.0472158268094063,
    1.1070643961429596,
    1.03938477486372,
    1.0182558447122574,
    1.0242653265595436,
    1.0447726622223854,
    1.029846265912056,
    1.054697073996067,
    1.0246253237128258,
    1.029865823686123,
    1.0415333583950996,
    1.0866407603025436,
    1.0626187175512314,
    1.0058194547891617,
    1.00943299010396,
    1.0490558594465256,
    1.0334763079881668,
    1.0049579218029976,
    1.0259211584925652,
    1.0138318091630936,
    1.0117849856615067,
    1.020841971039772,
    0.9813033044338226,
    0.9869286641478539,
    1.022481806576252,
    0.9915629103779793,
    1.0174531787633896,
    1.0244424156844616,
    1.0229573473334312,
    0.974733330309391,
    1.029884286224842,
    1.0507105439901352,
    0.970466859638691,
    1.0167648196220398,
    1.027871735394001,
    0.9819997251033783,
    0.9979883134365082,
    1.0347529873251915,
    0.9913652464747429,
    1.0415420681238174,
    1.0133607387542725,
    1.0301405414938927,
    0.9831791557371616,
    1.0196567177772522,
    1.010728009045124,
    1.0206845924258232,
    1.0262719616293907,
    1.0023056119680405,
    0.9812560081481934,
    0.9961899220943451,
    1.0134799480438232,
    0.9818340837955475
  ],
  "val": [
    6.641825199127197,
    6.806913375854492,
    5.848411798477173,
    7.205400466918945,
    6.856977462768555,
    6.213894367218018,
    6.367845296859741,
    5.011060953140259,
    5.590306520462036,
    6.329867601394653,
    5.731925010681152,
    5.732120513916016,
    5.159103155136108,
    4.818470120429993,
    5.478564739227295,
    6.017197132110596,
    5.194313049316406,
    5.788570404052734,
    5.78777003288269,
    5.259101152420044,
    5.5064308643341064,
    5.71290135383606,
    4.115042448043823,
    5.14478325843811,
    4.5628422498703,
    5.2515342235565186,
    5.214501857757568,
    4.875091791152954,
    4.798080205917358,
    5.682218551635742,
    5.160985708236694,
    5.134167194366455,
    4.870511531829834,
    5.211577892303467,
    5.335001707077026,
    4.5394203662872314,
    4.947301387786865,
    5.210787057876587,
    4.3945770263671875,
    4.71661913394928,
    4.700775623321533,
    5.396329164505005,
    6.0147411823272705,
    4.441400766372681,
    4.0708194971084595,
    4.859305143356323,
    4.754487752914429,
    4.724302530288696,
    5.1056259870529175,
    4.967646837234497,
    4.715348482131958,
    4.695392847061157,
    4.747649669647217,
    4.765603542327881,
    4.878177881240845,
    5.121192455291748,
    4.7306365966796875,
    4.34667706489563,
    4.715271949768066,
    5.3120644092559814,
    4.5335376262664795,
    4.942197561264038,
    5.202215909957886,
    5.466609716415405,
    4.667030930519104,
    4.146285057067871,
    5.191285848617554,
    4.8070666790008545,
    4.943105697631836,
    4.8603293895721436,
    5.195940256118774,
    5.590065240859985,
    4.991247177124023,
    4.502567768096924,
    4.9493772983551025,
    4.219696402549744,
    4.8499367237091064,
    5.175933361053467,
    4.8289583921432495,
    4.85122275352478,
    4.618378400802612,
    4.672265291213989,
    4.421209812164307,
    4.326746582984924,
    4.608725666999817,
    4.5647337436676025,
    4.934735536575317,
    4.849092483520508,
    5.527135133743286,
    4.79007625579834,
    4.901375770568848,
    4.833301782608032,
    4.764179229736328,
    4.867873907089233,
    5.153913736343384,
    4.600568056106567,
    4.6325767040252686,
    4.8237316608428955,
    4.729251146316528,
    4.517382264137268
  ]
}