{
  "n_params": 368640,
  "epoch": 37,
  "best_val_loss": 0.010558895356009741,
  "val_pred_loss": 0.004107822158441196,
  "val_sigreg_loss": 0.06451073268208701,
  "val_eff_rank": 5.514523029327393,
  "val_stdZ": 1.000287427352025,
  "data": "data/EURUSD_H1.csv",
  "epochs": 40,
  "batch": 256,
  "lr": 0.0001,
  "resume": null,
  "ctx": 120,
  "tgt": 24,
  "embed_dim": 64,
  "enc_layers": 4,
  "pred_layers": 6,
  "heads": 4,
  "sigreg_lambda": 0.1,
  "sigreg_proj": 512,
  "ckpt": "checkpoints/forex_h1",
  "device": "cuda",
  "workers": 0,
  "seed": 0,
  "log_every": 50
}