{
  "n_params": 368640,
  "epoch": 10,
  "best_val_loss": 0.020334938832128984,
  "val_pred_loss": 0.007921791517815982,
  "val_sigreg_loss": 0.12413147105671433,
  "val_eff_rank": 5.326741915482741,
  "val_stdZ": 1.0002067501728351,
  "data": "data/EURUSD_H1.csv",
  "epochs": 10,
  "batch": 256,
  "lr": 0.0001,
  "resume": null,
  "ctx": 120,
  "tgt": 24,
  "embed_dim": 64,
  "enc_layers": 4,
  "pred_layers": 6,
  "heads": 4,
  "sigreg_lambda": 0.1,
  "sigreg_proj": 512,
  "ckpt": "checkpoints/forex_h1",
  "device": "cuda",
  "workers": 0,
  "seed": 0,
  "log_every": 50
}