{
  "ckpt": "checkpoints/forex_h1/best.pt",
  "tau": 24,
  "repr": "mean",
  "probe": "mlp",
  "n_train": 27251,
  "n_val": 3238,
  "probe_IC": 0.010506277402124045,
  "probe_rankIC": -0.011852698163648749,
  "probe_R2": -0.003960644896156884,
  "probe_dirAUC": 0.4816587000951105,
  "VoE_alpha_label_IC": -0.03435278695008338,
  "VoE_alpha_label_AUC": 0.5009217550884217,
  "VoE_rawdir_AUC": 0.5028546327861652
}